{"fraud": [{"Time": 57007.0, "V1": -1.27124419171437, "V2": 2.46267526851135, "V3": -2.85139500331783, "V4": 2.3244800653478, "V5": -1.37224488981369, "V6": -0.948195686538643, "V7": -3.06523436172054, "V8": 1.16692694787211, "V9": -2.26877058844813, "V10": -4.88114292689057, "V11": 2.25514748870463, "V12": -4.68638689759229, "V13": 0.652374668512965, "V14": -6.17428834800643, "V15": 0.594379608016446, "V16": -4.84969238709652, "V17": -6.53652073527011, "V18": -3.11909388163881, "V19": 1.71549441975915, "V20": 0.560478075726644, "V21": 0.652941051330455, "V22": 0.0819309763507574, "V23": -0.221347831198339, "V24": -0.523582159233306, "V25": 0.224228161862968, "V26": 0.756334522703558, "V27": 0.632800477330469, "V28": 0.250187092757197, "Amount": 0.01}, {"Time": 68207.0, "V1": -13.1926709562391, "V2": 12.785970638298, "V3": -9.90665002092758, "V4": 3.32033688288942, "V5": -4.80117593230105, "V6": 5.76005855618556, "V7": -18.7508891580107, "V8": -37.3534426378925, "V9": -0.391539743919107, "V10": -5.05250236713858, "V11": 4.40680552357904, "V12": -4.61075647740608, "V13": -1.90948796970811, "V14": -9.07271093398351, "V15": -0.226074450896345, "V16": -6.21155748212485, "V17": -6.24814535335983, "V18": -3.14924669470095, "V19": 0.0515761185277783, "V20": -3.49304991519446, "V21": 27.2028391573154, "V22": -8.88701714094871, "V23": 5.30360690376998, "V24": -0.639434802306313, "V25": 0.263203123457008, "V26": -0.108876929971315, "V27": 1.26956635541013, "V28": 0.939407362758877, "Amount": 1.0}, {"Time": 75581.0, "V1": -2.86636370525907, "V2": 2.34694943137396, "V3": -4.05330668845935, "V4": 3.98335888025187, "V5": -3.46318571327039, "V6": -1.28095301603103, "V7": -4.47476383461874, "V8": 1.21665528478137, "V9": -2.30982869782019, "V10": -5.51550707258062, "V11": 3.04839203447565, "V12": -7.12825076846601, "V13": 0.0059558009251745, "V14": -7.49518733635876, "V15": -0.25108802193356, "V16": -7.5680148993231, "V17": -12.2236328477344, "V18": -4.89517519350497, "V19": 2.52496746940249, "V20": 0.270013154062001, "V21": 1.04973156228305, "V22": 0.475840283409025, "V23": 0.404480059350581, "V24": 0.282029789710327, "V25": -0.506901095688855, "V26": -0.371741093052833, "V27": 0.615256964379468, "V28": 0.803162841917988, "Amount": 124.53}], "honest": [{"Time": 160760.0, "V1": -0.674466064578314, "V2": 1.40810501967799, "V3": -1.11062205357093, "V4": -1.32836577843066, "V5": 1.38899603254837, "V6": -1.30843906707795, "V7": 1.88587890268717, "V8": -0.614232966299775, "V9": 0.311652212453101, "V10": 0.65075700363522, "V11": -0.857784661547805, "V12": -0.229961445775592, "V13": -0.19981700479103, "V14": 0.266371326329879, "V15": -0.0465441684754424, "V16": -0.741398089749789, "V17": -0.605616644106022, "V18": -0.39256818789208, "V19": -0.162648311024695, "V20": 0.394321820843914, "V21": 0.0800842396026648, "V22": 0.810033595602455, "V23": -0.224327230436412, "V24": 0.707899237446867, "V25": -0.13583702273753, "V26": 0.0451021964988772, "V27": 0.533837219064273, "V28": 0.291319252625364, "Amount": 23.0}, {"Time": 19847.0, "V1": -2.82981594327279, "V2": -2.76514921229269, "V3": 2.53779295063997, "V4": -1.07458042259191, "V5": 2.84255889292598, "V6": -2.15353644367205, "V7": -1.79551885720369, "V8": -0.250020372324704, "V9": 3.07350426338358, "V10": -1.00041794567463, "V11": 1.85084176033081, "V12": -1.54977887088034, "V13": 1.25233673695303, "V14": 0.963974373307274, "V15": -0.481027223791626, "V16": -0.14731917203129, "V17": -0.209328171581066, "V18": 1.05889790297841, "V19": 0.397056508186649, "V20": -0.515764693656115, "V21": -0.295554564490287, "V22": 0.109304966698836, "V23": -0.81327196874425, "V24": 0.0429955726118499, "V25": -0.0276596849389052, "V26": -0.910247054904536, "V27": 0.110801759066737, "V28": -0.511938134872381, "Amount": 11.85}, {"Time": 88326.0, "V1": -3.5764948264458, "V2": 2.31842150813501, "V3": 1.30698532958812, "V4": 3.26366492235553, "V5": 1.12781840881043, "V6": 2.86524613735822, "V7": 1.44412464888046, "V8": -0.718921833851611, "V9": 1.87404570858999, "V10": 7.39849078334508, "V11": 2.08114562393643, "V12": -0.0641447523642622, "V13": 0.577555888776233, "V14": -2.43020141181235, "V15": 1.50599327416251, "V16": -1.23794088792793, "V17": -0.390404663248005, "V18": -1.23180425893991, "V19": 0.0987384558351899, "V20": 2.03478558572906, "V21": -1.06015143656451, "V22": 0.0168672508446993, "V23": -0.132058215693801, "V24": -1.48399578398146, "V25": -0.296010935476064, "V26": 0.0628225484481408, "V27": 0.552411113771332, "V28": 0.509763550465719, "Amount": 76.07}], "borderline": [{"Time": 167826.0, "V1": -6.62947038719607, "V2": 2.8725878702777, "V3": -4.81794651246083, "V4": 0.799106043362674, "V5": -2.84253834233179, "V6": -1.94135055936202, "V7": -4.60983719955174, "V8": 2.13061145293726, "V9": -1.58257646275685, "V10": -3.41996778917786, "V11": 1.68868816915034, "V12": -2.81556289916859, "V13": -1.50954532554824, "V14": -1.02644937916837, "V15": -0.279815482631857, "V16": -2.54279899264442, "V17": -5.78119944545681, "V18": -1.42027183623963, "V19": 0.731522099229579, "V20": -1.62264666870688, "V21": 1.90335848687113, "V22": 0.551154392970031, "V23": -0.621413962107273, "V24": 0.0868360861915362, "V25": 0.233893815851082, "V26": -0.256196059593985, "V27": -1.86176446733169, "V28": 0.261256476201626, "Amount": 1.0}, {"Time": 29785.0, "V1": 0.92376442016477, "V2": 0.34404807190464, "V3": -2.88000365579163, "V4": 1.72168007534123, "V5": -3.01956477860235, "V6": -0.639736122583852, "V7": -3.8013245024591, "V8": 1.29909588513018, "V9": 0.864065471140902, "V10": -2.89525166830126, "V11": 3.02816223099618, "V12": -2.54917730779636, "V13": -1.56043182473423, "V14": -2.97131675769274, "V15": 1.07889539651163, "V16": -4.70201182527384, "V17": -4.90809850732764, "V18": -1.5088732903485, "V19": 3.0016850593747, "V20": 0.170871765618069, "V21": 0.8999311755668, "V22": 1.48127100376248, "V23": 0.725265549161058, "V24": 0.176959582872624, "V25": -1.81563797523647, "V26": -0.536517111308732, "V27": 0.489035020411905, "V28": -0.0497285787992942, "Amount": 30.3}]}